[2018-09-11 14:54:26.285] 603,ax,ay,az,gx,gy,gz,mx,my,mz,q0,q1,q2,q3,yaw,pitch,roll
[2018-09-11 14:54:28.303] ,-2.81,-20.02,883.67,-1.15,-1.48,0.44,-1380.95,160.34,-176.62,0.64,0.05,0.08,-0.76,-114.4,9.88,-3.07
[2018-09-11 14:54:28.850] ,0.85,-19.41,887.33,-1.08,-1.43,0.56,-1388.25,172.02,-172.24,0.73,-0.01,0.01,-0.68,-100.12,0.15,-1.6
[2018-09-11 14:54:29.394] ,9.03,-14.89,886.11,-1.11,-1.2,0.46,-1383.14,161.8,-149.61,0.74,-0.01,0.01,-0.67,-97.48,-0.26,-1.44
[2018-09-11 14:54:29.938] ,4.03,-23.68,885.86,-1.17,-1.3,0.61,-1380.22,176.4,-159.83,0.75,-0.01,0.01,-0.66,-96.93,-0.13,-1.51
[2018-09-11 14:54:30.483] ,3.3,-24.17,883.18,-1.13,-1.37,0.53,-1386.79,168.37,-165.67,0.75,-0.01,0.01,-0.66,-96.79,-0.19,-1.46
[2018-09-11 14:54:31.033] ,-3.17,-21.73,883.91,-1.05,-1.33,0.61,-1372.19,176.4,-162.02,0.75,-0.01,0.01,-0.66,-96.76,-0.14,-1.47
[2018-09-11 14:54:31.711] ,-2.32,-21.97,896.24,-1.18,-1.43,0.66,-1391.17,180.78,-171.51,0.75,-0.01,0.01,-0.66,-96.76,-0.09,-1.48
[2018-09-11 14:54:32.117] ,2.81,-19.9,885.86,-1.13,-1.31,0.56,-1392.63,171.29,-160.56,0.75,-0.01,0.01,-0.66,-96.73,-0.06,-1.53
[2018-09-11 14:54:32.659] ,-4.52,-21,886.84,-1.2,-1.44,0.43,-1389.71,158.88,-172.97,0.75,-0.01,0.01,-0.66,-96.73,-0.02,-1.49
[2018-09-11 14:54:33.199] ,-4.03,-20.51,887.08,-1.16,-1.41,0.59,-1380.95,174.21,-170.05,0.75,-0.01,0.01,-0.66,-96.73,-0.07,-1.5
[2018-09-11 14:54:33.739] ,3.42,-21.73,890.87,-1.06,-1.25,0.42,-1379.49,158.15,-154.72,0.75,-0.01,0.01,-0.66,-96.76,-0.11,-1.49
[2018-09-11 14:54:34.284] ,3.3,-17.82,891.85,-1.11,-1.21,0.5,-1387.52,166.18,-151.07,0.75,-0.01,0.01,-0.66,-96.71,-0.11,-1.49
[2018-09-11 14:54:34.825] ,-5.98,-23.56,888.67,-1.07,-1.3,0.51,-1388.25,166.91,-159.1,0.75,-0.01,0.01,-0.66,-96.74,-0.09,-1.48
[2018-09-11 14:54:35.373] ,-3.78,-17.82,891.24,-1.09,-1.3,0.54,-1380.95,169.83,-159.83,0.75,-0.01,0.01,-0.66,-96.71,-0.06,-1.49
[2018-09-11 14:54:35.914] ,0.12,-21.85,889.53,-1.15,-1.37,0.5,-1381.68,166.18,-165.67,0.75,-0.01,0.01,-0.66,-96.71,-0.08,-1.52
[2018-09-11 14:54:36.458] ,-1.46,-18.19,882.93,-0.96,-1.31,0.46,-1380.95,161.8,-160.56,0.75,-0.01,0.01,-0.66,-96.74,-0.1,-1.46
[2018-09-11 14:54:37.006] ,-10.01,-22.22,888.67,-1.1,-1.27,0.58,-1387.52,173.48,-156.91,0.75,-0.01,0.01,-0.66,-96.75,-0.08,-1.53
[2018-09-11 14:54:37.552] ,-3.3,-21.48,887.08,-1.14,-1.26,0.58,-1380.22,173.48,-155.45,0.75,-0.01,0.01,-0.66,-96.76,-0.08,-1.5
[2018-09-11 14:54:38.101] ,2.08,-15.01,887.45,-1.13,-1.37,0.66,-1376.57,180.78,-165.67,0.75,-0.01,0.01,-0.66,-96.76,-0.08,-1.49
[2018-09-11 14:54:38.646] ,4.15,-14.4,891.36,-1.25,-1.39,0.48,-1383.14,163.99,-167.86,0.75,-0.01,0.01,-0.66,-96.74,-0.25,-1.46
[2018-09-11 14:54:39.191] ,-3.66,-21.36,884.89,-1.03,-1.39,0.51,-1386.79,166.91,-167.86,0.75,-0.01,0.01,-0.66,-96.73,-0.08,-1.48
[2018-09-11 14:54:39.731] ,-8.42,-22.83,890.87,-1.05,-1.3,0.54,-1372.92,169.83,-159.1,0.75,-0.01,0.01,-0.66,-96.72,0,-1.48
[2018-09-11 14:54:40.276] ,8.67,-23.19,885.5,-1.17,-1.11,0.56,-1379.49,171.29,-141.58,0.75,-0.01,0.01,-0.66,-96.69,-0.14,-1.48
[2018-09-11 14:54:40.817] ,7.32,-19.29,882.93,-1.08,-1.55,0.57,-1386.06,172.75,-183.19,0.75,-0.01,0.01,-0.66,-96.69,-0.11,-1.54
[2018-09-11 14:54:41.357] ,5.98,-16.48,880.13,-1.14,-1.38,0.54,-1395.55,169.83,-167.13,0.75,-0.01,0.01,-0.66,-96.68,-0.04,-1.47
[2018-09-11 14:54:41.906] ,10.13,-10.99,891.97,-1.2,-1.34,0.42,-1384.6,158.15,-162.75,0.75,-0.01,0.01,-0.66,-96.71,-0.2,-1.49
[2018-09-11 14:54:42.450] ,-9.77,-27.83,890.01,-1.16,-1.24,0.62,-1379.49,177.13,-153.99,0.75,-0.01,0.01,-0.66,-96.68,0.07,-1.6
[2018-09-11 14:54:42.995] ,-3.91,-24.78,892.33,-1.08,-1.34,0.65,-1392.63,180.05,-163.48,0.75,-0.01,0.01,-0.66,-96.7,-0.06,-1.51
[2018-09-11 14:54:43.536] ,10.25,-19.04,888.31,-1.03,-1.34,0.55,-1388.25,170.56,-163.48,0.75,-0.01,0.01,-0.66,-96.76,-0.17,-1.47
[2018-09-11 14:54:44.076] ,-10.01,-22.09,891.24,-1.08,-1.29,0.5,-1378.76,165.45,-158.37,0.75,-0.01,0.01,-0.66,-96.7,-0.02,-1.53
[2018-09-11 14:54:44.625] ,-2.32,-25.63,887.7,-1.16,-1.45,0.6,-1381.68,175.67,-173.7,0.75,-0.01,0.01,-0.66,-96.73,-0.1,-1.55
[2018-09-11 14:54:45.175] ,1.22,-18.31,884.03,-1.15,-1.32,0.57,-1377.3,172.75,-161.29,0.75,-0.01,0.01,-0.66,-96.76,-0.03,-1.48
[2018-09-11 14:54:45.719] ,0,-21,896.12,-1.11,-1.21,0.59,-1376.57,174.21,-150.34,0.75,-0.01,0.01,-0.66,-96.69,-0.08,-1.52
[2018-09-11 14:54:46.260] ,-6.1,-19.04,893.8,-1.06,-1.41,0.5,-1374.38,165.45,-170.05,0.75,-0.01,0.01,-0.66,-96.71,-0.04,-1.5
[2018-09-11 14:54:46.809] ,-4.15,-25.02,886.35,-1.11,-1.3,0.44,-1377.3,160.34,-159.1,0.75,-0.01,0.01,-0.66,-96.69,-0.12,-1.49
[2018-09-11 14:54:47.350] ,2.69,-17.33,890.26,-1.13,-1.41,0.33,-1366.35,149.39,-170.05,0.75,-0.01,0.01,-0.66,-96.7,-0.11,-1.48
[2018-09-11 14:54:47.890] ,-22.22,-21.36,889.16,-1.09,-1.34,0.47,-1375.84,163.26,-163.48,0.75,-0.01,0.01,-0.66,-96.63,0.12,-1.55
[2018-09-11 14:54:48.433] ,16.48,-11.96,898.07,-1.08,-1.38,0.56,-1366.35,172.02,-167.13,0.75,-0.01,0.01,-0.66,-96.67,-0.06,-1.48
[2018-09-11 14:54:48.975] ,3.17,-14.4,884.52,-1.12,-1.34,0.5,-1375.84,165.45,-162.75,0.75,-0.01,0.01,-0.66,-96.62,-0.08,-1.47
[2018-09-11 14:54:49.516] ,-2.81,-15.01,900.27,-1.06,-1.34,0.46,-1359.78,161.8,-163.48,0.75,-0.01,0.01,-0.66,-96.65,-0.01,-1.52
[2018-09-11 14:54:50.065] ,3.17,-18.55,888.31,-1.17,-1.2,0.55,-1364.16,170.56,-149.61,0.75,-0.01,0.01,-0.66,-96.63,-0.01,-1.53
[2018-09-11 14:54:50.610] ,-7.45,-17.33,891.11,-1.16,-1.34,0.58,-1354.67,173.48,-163.48,0.75,-0.01,0.01,-0.66,-96.65,-0.13,-1.43
[2018-09-11 14:54:51.159] ,11.35,-13.55,883.18,-1.14,-1.43,0.44,-1361.24,160.34,-171.51,0.75,-0.01,0.01,-0.66,-96.66,-0.22,-1.44
[2018-09-11 14:54:51.699] ,-23.93,-24.9,889.28,-1.23,-1.37,0.55,-1356.86,170.56,-166.4,0.75,-0.01,0.01,-0.66,-96.62,0.03,-1.5
[2018-09-11 14:54:52.244] ,14.28,-12.7,890.75,-1.16,-1.48,0.59,-1364.89,174.21,-176.62,0.75,-0.01,0.01,-0.66,-96.6,-0.19,-1.4
[2018-09-11 14:54:52.784] ,-1.22,-16.97,882.08,-1.15,-1.35,0.53,-1368.54,169.1,-164.21,0.75,-0.01,0.01,-0.66,-96.59,-0.03,-1.54
[2018-09-11 14:54:53.336] ,-2.56,-19.9,891.24,-1.19,-1.37,0.44,-1356.13,160.34,-166.4,0.75,-0.01,0.01,-0.66,-96.61,-0.11,-1.48
[2018-09-11 14:54:53.878] ,-10.62,-20.26,893.07,-0.97,-1.24,0.63,-1355.4,178.59,-153.99,0.75,-0.01,0.01,-0.66,-96.61,-0.26,-1.48
[2018-09-11 14:54:54.427] ,-2.56,-18.07,895.51,-1.11,-1.3,0.53,-1364.89,169.1,-159.83,0.75,-0.01,0.01,-0.66,-96.57,-0.06,-1.46
[2018-09-11 14:54:54.971] ,-4.39,-17.58,884.89,-1.26,-1.34,0.38,-1365.62,154.5,-163.48,0.75,-0.01,0.01,-0.66,-96.63,-0.1,-1.47
[2018-09-11 14:54:55.520] ,-3.42,-26.12,888.31,-1.17,-1.23,0.44,-1362.7,160.34,-152.53,0.75,-0.01,0.01,-0.66,-96.62,-0.11,-1.49
[2018-09-11 14:54:56.066] ,-5.86,-22.46,883.91,-1.14,-1.31,0.63,-1359.05,178.59,-160.56,0.75,-0.01,0.01,-0.66,-96.57,-0.12,-1.47
[2018-09-11 14:54:56.610] ,-8.42,-22.22,887.21,-1.12,-1.32,0.55,-1369.27,170.56,-161.29,0.75,-0.01,0.01,-0.66,-96.57,-0.1,-1.47
[2018-09-11 14:54:57.157] ,6.59,-20.26,887.57,-1.05,-1.23,0.41,-1362.7,157.42,-152.53,0.75,-0.01,0.01,-0.66,-96.56,-0.11,-1.46
[2018-09-11 14:54:57.692] ,-11.6,-16.36,884.4,-1.13,-1.46,0.46,-1353.21,161.8,-175.16,0.75,-0.01,0.01,-0.66,-96.58,-0.12,-1.43
[2018-09-11 14:54:58.239] ,-11.23,-24.66,884.28,-1.09,-1.4,0.52,-1361.24,167.64,-169.32,0.75,-0.01,0.01,-0.66,-96.58,-0.09,-1.5
[2018-09-11 14:54:58.790] ,13.67,-14.65,883.54,-1.15,-1.21,0.53,-1370.73,169.1,-151.07,0.75,-0.01,0.01,-0.66,-96.57,-0.07,-1.5
[2018-09-11 14:54:59.329] ,-8.54,-17.94,875.98,-1.18,-1.43,0.58,-1365.62,173.48,-172.24,0.75,-0.01,0.01,-0.66,-96.58,0.03,-1.46
[2018-09-11 14:54:59.875] ,4.52,-14.89,888.06,-1.14,-1.21,0.53,-1362.7,168.37,-150.34,0.75,-0.01,0.01,-0.66,-96.56,-0.2,-1.39
[2018-09-11 14:55:00.420] ,-1.34,-21.85,891.11,-1.06,-1.19,0.61,-1365.62,176.4,-148.88,0.75,-0.01,0.01,-0.66,-96.59,-0.2,-1.45
[2018-09-11 14:55:00.963] ,-4.03,-20.26,890.75,-1.21,-1.32,0.51,-1357.59,166.91,-161.29,0.75,-0.01,0.01,-0.66,-96.62,-0.1,-1.46
[2018-09-11 14:55:01.513] ,-11.72,-23.93,890.14,-1.1,-1.5,0.5,-1365.62,165.45,-178.08,0.75,-0.01,0.01,-0.66,-96.61,-0.14,-1.49
[2018-09-11 14:55:02.053] ,0.37,-21.48,891.48,-1.14,-1.3,0.56,-1361.97,172.02,-159.1,0.75,-0.01,0.01,-0.66,-96.57,-0.08,-1.49
[2018-09-11 14:55:02.594] ,-11.84,-18.8,888.43,-1.19,-1.39,0.6,-1363.43,175.67,-167.86,0.75,-0.01,0.01,-0.66,-96.6,-0.07,-1.43
[2018-09-11 14:55:03.139] ,-7.32,-23.8,886.35,-1.06,-1.36,0.6,-1365.62,175.67,-164.94,0.75,-0.01,0.01,-0.66,-96.62,-0.1,-1.48
[2018-09-11 14:55:03.687] ,-2.81,-19.41,885.86,-1.11,-1.19,0.6,-1366.35,174.94,-148.88,0.75,-0.01,0.01,-0.66,-96.58,-0.11,-1.46
[2018-09-11 14:55:04.234] ,2.44,-17.09,881.35,-1.12,-1.34,0.55,-1360.51,170.56,-163.48,0.75,-0.01,0.01,-0.66,-96.57,-0.22,-1.43
[2018-09-11 14:55:04.778] ,-1.22,-17.58,891.97,-1.02,-1.32,0.49,-1356.13,164.72,-161.29,0.75,-0.01,0.01,-0.66,-96.61,-0.16,-1.44
[2018-09-11 14:55:05.326] ,-5.37,-23.07,888.31,-1.07,-1.43,0.47,-1358.32,162.53,-171.51,0.75,-0.01,0.01,-0.66,-96.62,0.01,-1.48
[2018-09-11 14:55:05.867] ,-2.56,-20.51,884.4,-1.03,-1.17,0.53,-1367.08,169.1,-147.42,0.75,-0.01,0.01,-0.66,-96.62,0.01,-1.48
[2018-09-11 14:55:06.407] ,-1.22,-22.22,884.77,-1.07,-1.37,0.48,-1367.08,163.99,-166.4,0.75,-0.01,0.01,-0.66,-96.63,-0.06,-1.49
[2018-09-11 14:55:06.949] ,-0.85,-16.36,891.24,-1.11,-1.47,0.54,-1361.97,169.83,-175.89,0.75,-0.01,0.01,-0.66,-96.57,-0.17,-1.49
[2018-09-11 14:55:07.493] ,-2.44,-19.78,889.53,-1.13,-1.5,0.53,-1363.43,169.1,-178.08,0.75,-0.01,0.01,-0.66,-96.57,-0.1,-1.49
[2018-09-11 14:55:08.043] ,0.49,-15.01,888.18,-1.12,-1.24,0.57,-1369.27,172.75,-153.26,0.75,-0.01,0.01,-0.66,-96.59,-0.12,-1.48
[2018-09-11 14:55:08.588] ,-7.81,-25.51,886.35,-1.2,-1.2,0.54,-1360.51,169.83,-149.61,0.75,-0.01,0.01,-0.66,-96.63,-0.08,-1.47
[2018-09-11 14:55:09.131] ,1.59,-20.26,889.77,-0.98,-1.27,0.56,-1364.89,171.29,-156.18,0.75,-0.01,0.01,-0.66,-96.67,-0.11,-1.52
[2018-09-11 14:55:09.671] ,1.22,-12.82,885.99,-1.08,-1.31,0.44,-1373.65,160.34,-160.56,0.75,-0.01,0.01,-0.66,-96.56,-0.01,-1.45
[2018-09-11 14:55:10.212] ,-4.64,-16.6,885.62,-0.99,-1.34,0.51,-1358.32,166.91,-162.75,0.75,-0.01,0.01,-0.66,-96.57,-0.01,-1.51
[2018-09-11 14:55:10.757] ,-7.93,-18.43,891.24,-1.05,-1.57,0.54,-1367.08,169.83,-185.38,0.75,-0.01,0.01,-0.66,-96.64,-0.11,-1.46
[2018-09-11 14:55:11.306] ,5.25,-20.51,885.13,-1.15,-1.42,0.47,-1369.27,163.26,-170.78,0.75,-0.01,0.01,-0.66,-96.63,-0.15,-1.46
[2018-09-11 14:55:11.852] ,-2.56,-23.19,882.2,-1.08,-1.37,0.53,-1359.05,168.37,-165.67,0.75,-0.01,0.01,-0.66,-96.65,-0.09,-1.49
[2018-09-11 14:55:12.400] ,4.03,-19.41,879.52,-1.01,-1.24,0.65,-1364.89,180.05,-153.99,0.75,-0.01,0.01,-0.66,-96.62,-0.09,-1.52
[2018-09-11 14:55:12.936] ,0.85,-21.48,884.64,-1.1,-1.56,0.42,-1365.62,158.15,-184.65,0.75,-0.01,0.01,-0.66,-96.6,-0.03,-1.51
[2018-09-11 14:55:13.477] ,-16.48,-22.95,884.4,-1.08,-1.37,0.52,-1368.54,167.64,-166.4,0.75,-0.01,0.01,-0.66,-96.62,-0.01,-1.53
[2018-09-11 14:55:14.025] ,-5.37,-18.07,888.31,-1.2,-1.44,0.45,-1359.78,161.07,-172.97,0.75,-0.01,0.01,-0.66,-96.64,-0.01,-1.49
[2018-09-11 14:55:14.574] ,-3.66,-20.39,887.82,-1.11,-1.33,0.51,-1370.73,166.91,-162.02,0.75,-0.01,0.01,-0.66,-96.62,-0.15,-1.47
[2018-09-11 14:55:15.119] ,4.27,-14.65,891.36,-1.18,-1.36,0.55,-1367.81,170.56,-164.94,0.75,-0.01,0.01,-0.66,-96.58,-0.08,-1.45
[2018-09-11 14:55:15.659] ,-3.05,-23.93,885.5,-1.08,-1.52,0.56,-1370,172.02,-180.27,0.75,-0.01,0.01,-0.66,-96.58,-0.02,-1.51
[2018-09-11 14:55:16.200] ,-6.84,-22.71,889.28,-1.17,-1.18,0.47,-1346.64,163.26,-148.15,0.75,-0.01,0.01,-0.66,-96.53,-0.02,-1.46
[2018-09-11 14:55:16.749] ,-0.37,-15.26,888.31,-1.02,-1.43,0.55,-1360.51,170.56,-171.51,0.75,-0.01,0.01,-0.66,-96.6,-0.24,-1.45
[2018-09-11 14:55:17.294] ,-2.2,-16.36,892.33,-1.11,-1.43,0.55,-1368.54,170.56,-172.24,0.75,-0.01,0.01,-0.66,-96.6,-0.16,-1.46
[2018-09-11 14:55:17.835] ,-2.81,-19.29,895.51,-1.04,-1.24,0.56,-1356.13,172.02,-153.26,0.75,-0.01,0.01,-0.66,-96.56,-0.05,-1.47
[2018-09-11 14:55:18.375] ,5.62,-13.18,890.63,-1.21,-1.53,0.47,-1360.51,163.26,-181,0.75,-0.01,0.01,-0.66,-96.57,-0.05,-1.43
[2018-09-11 14:55:18.917] ,-18.55,-25.76,882.08,-1.24,0.69,0.47,-1347.37,163.26,31.43,0.75,-0.01,0.01,-0.66,-96.6,0.32,-1.53
[2018-09-11 14:55:19.457] ,-33.45,-26,881.1,-1.85,4.62,0.02,-1361.24,119.46,406.65,0.75,0,0.02,-0.66,-96.77,1.41,-1.57
[2018-09-11 14:55:19.994] ,-61.52,-20.87,890.63,-1.1,1.75,0.66,-1363.43,181.51,132.9,0.75,0.01,0.03,-0.66,-97.02,3.16,-1.6
[2018-09-11 14:55:20.538] ,-67.38,-20.51,882.81,-1.14,-0.39,0.55,-1359.78,170.56,-72.23,0.75,0.01,0.03,-0.66,-96.62,3.81,-1.64
[2018-09-11 14:55:21.083] ,-83.98,-26.12,888.92,-0.86,-0.4,0.63,-1350.29,177.86,-73.69,0.75,0.02,0.04,-0.66,-96.27,4.55,-1.61
[2018-09-11 14:55:21.620] ,-107.79,-26.61,879.27,-1.08,2.85,0.72,-1352.48,187.35,238.02,0.75,0.02,0.05,-0.66,-96.51,5.77,-1.7
[2018-09-11 14:55:22.165] ,-107.79,-20.39,876.95,-1.25,-0.92,0.68,-1334.96,182.97,-122.6,0.75,0.03,0.05,-0.66,-96.06,6.98,-1.48
[2018-09-11 14:55:22.708] ,-130.13,-27.22,882.08,-1.3,-0.53,0.58,-1345.91,173.48,-85.37,0.75,0.03,0.06,-0.66,-96.17,7.82,-1.53
[2018-09-11 14:55:23.254] ,-143.31,-18.68,877.81,-0.95,-0.55,0.63,-1355.4,177.86,-87.56,0.75,0.04,0.07,-0.66,-96.35,8.86,-1.57
[2018-09-11 14:55:23.802] ,-139.77,-19.29,877.2,-1.1,-0.6,0.53,-1355.4,168.37,-91.94,0.75,0.04,0.07,-0.65,-96.03,9.15,-1.5
[2018-09-11 14:55:24.348] ,-154.91,-21.48,880.37,-1.1,-0.69,0.41,-1353.94,157.42,-101.43,0.75,0.05,0.07,-0.66,-96.17,9.95,-1.4
[2018-09-11 14:55:24.891] ,-184.94,-31.49,868.16,-1.17,0.17,0.71,-1355.4,185.89,-18.94,0.75,0.05,0.08,-0.66,-96.25,10.97,-1.49
[2018-09-11 14:55:25.438] ,-178.47,-21.48,866.58,-1.36,0.47,0.53,-1342.26,168.37,9.53,0.75,0.06,0.09,-0.66,-96.43,11.68,-1.51
[2018-09-11 14:55:25.982] ,-198.24,-21.12,864.5,-1.21,-1.29,0.53,-1341.53,169.1,-158.37,0.75,0.06,0.09,-0.65,-96.23,12.59,-1.4
[2018-09-11 14:55:26.526] ,-215.21,-20.63,870.48,-1.15,-1.4,0.45,-1349.56,161.07,-168.59,0.75,0.07,0.09,-0.65,-95.92,13.11,-1.42
[2018-09-11 14:55:27.076] ,-215.33,-16.24,858.28,-1.08,0.56,0.47,-1346.64,162.53,18.29,0.75,0.07,0.1,-0.65,-96.22,13.74,-1.42
[2018-09-11 14:55:27.619] ,-223.75,-15.14,868.16,-1.01,-0.42,0.44,-1346.64,160.34,-75.15,0.75,0.07,0.1,-0.65,-96.45,14.65,-1.42
[2018-09-11 14:55:28.169] ,-235.84,-17.21,860.84,-1.11,-1.68,0.41,-1343.72,157.42,-195.6,0.75,0.08,0.11,-0.65,-96.17,15.25,-1.43
[2018-09-11 14:55:28.713] ,-257.57,-15.75,852.42,-1.14,-1.3,0.48,-1338.61,163.99,-159.1,0.74,0.09,0.12,-0.65,-96.5,16.45,-1.44
[2018-09-11 14:55:29.261] ,-262.08,-16.36,848.63,-1.2,0.72,0.82,-1348.83,196.84,33.62,0.74,0.09,0.12,-0.65,-96.76,17.32,-1.36
[2018-09-11 14:55:29.802] ,-278.56,-14.16,841.8,-1.16,0.14,0.43,-1339.34,159.61,-21.86,0.74,0.1,0.13,-0.65,-96.95,18.37,-1.37
[2018-09-11 14:55:30.353] ,-287.72,-21.12,837.89,-1.17,-1.33,0.6,-1344.45,175.67,-162.02,0.74,0.1,0.13,-0.65,-96.27,18.91,-1.47
[2018-09-11 14:55:30.897] ,-304.2,-12.08,835.69,-1.17,0.4,0.61,-1347.37,176.4,2.96,0.74,0.1,0.13,-0.65,-96.58,19.53,-1.29
[2018-09-11 14:55:31.441] ,-321.29,-18.8,826.78,-0.98,-0.34,0.6,-1348.83,174.94,-67.85,0.74,0.11,0.14,-0.65,-96.28,20.57,-1.31
[2018-09-11 14:55:31.987] ,-320.92,-14.89,826.9,-1.13,-1.45,0.54,-1337.15,169.83,-173.7,0.74,0.11,0.15,-0.64,-96.06,21.18,-1.36
[2018-09-11 14:55:32.531] ,-340.45,-13.06,821.04,-0.95,-1.56,0.49,-1348.1,164.72,-183.92,0.74,0.12,0.15,-0.65,-96.18,21.63,-1.29
[2018-09-11 14:55:33.079] ,-355.22,-21.48,823.85,-1.14,-0.98,0.58,-1345.91,173.48,-129.17,0.74,0.12,0.15,-0.64,-96.08,22.37,-1.3
[2018-09-11 14:55:33.624] ,-359.62,-18.31,822.02,-0.83,-1.25,0.59,-1348.83,174.21,-154.72,0.74,0.12,0.16,-0.65,-96.6,23.08,-1.3
[2018-09-11 14:55:34.173] ,-355.71,-9.28,805.05,-0.98,2.29,0.52,-1349.56,167.64,184,0.74,0.13,0.16,-0.65,-96.56,23.6,-1.3
[2018-09-11 14:55:34.714] ,-376.83,-15.38,808.35,-0.85,-1.33,0.61,-1327.66,176.4,-162.02,0.73,0.13,0.17,-0.65,-97.28,24.72,-1.36
[2018-09-11 14:55:35.263] ,-382.45,-15.63,807.5,-1.21,0.06,0.6,-1343.72,175.67,-29.16,0.73,0.14,0.17,-0.65,-97.16,25.43,-1.33
[2018-09-11 14:55:35.807] ,-401.25,-20.51,796.88,-0.98,-0.43,0.53,-1343.72,168.37,-76.61,0.73,0.14,0.18,-0.64,-96.91,26.6,-1.43
[2018-09-11 14:55:36.352] ,-409.06,-19.17,786.38,-1.08,0.52,0.53,-1342.99,169.1,14.64,0.73,0.15,0.18,-0.64,-96.18,27.04,-1.38
[2018-09-11 14:55:36.896] ,-434.69,-15.38,785.64,-1.15,2.17,0.54,-1334.23,169.83,172.32,0.73,0.15,0.19,-0.64,-96.99,27.92,-1.44
[2018-09-11 14:55:37.438] ,-435.06,-21.48,775.51,-1.05,-0.82,0.67,-1339.34,182.24,-113.11,0.72,0.16,0.2,-0.64,-97.23,28.94,-1.52
[2018-09-11 14:55:37.986] ,-466.31,-23.93,782.35,-2.27,7.06,2.27,-1339.34,335.54,640.98,0.71,0.17,0.2,-0.65,-98.87,30.11,-1.55
[2018-09-11 14:55:38.526] ,-476.93,-21.12,756.1,-1.02,-1.39,0.6,-1339.34,174.94,-167.86,0.72,0.17,0.21,-0.64,-97.81,31.59,-1.63
[2018-09-11 14:55:39.076] ,-493.9,-17.58,749.02,-1.07,-0.13,0.59,-1326.2,174.21,-47.41,0.71,0.18,0.22,-0.64,-98,32.68,-1.63
[2018-09-11 14:55:39.620] ,-495.48,-12.08,738.4,-1.17,-2.19,0.34,-1332.04,150.12,-244.51,0.71,0.19,0.22,-0.65,-99.23,33.95,-1.64
[2018-09-11 14:55:40.167] ,-512.45,-19.41,731.08,-1.21,3.21,0.73,-1332.04,188.08,272.33,0.71,0.19,0.23,-0.64,-98.28,34.75,-1.64
[2018-09-11 14:55:40.705] ,-537.35,-19.17,716.19,-1.35,-1.13,0.2,-1339.34,136.98,-143.04,0.71,0.2,0.24,-0.64,-98.27,36.06,-1.6
[2018-09-11 14:55:41.252] ,-546.75,-13.55,715.7,-1.05,0.18,0.58,-1329.85,173.48,-17.48,0.7,0.21,0.24,-0.64,-98.92,37.19,-1.55
[2018-09-11 14:55:41.796] ,-588.38,-16.6,711.06,-0.98,2.55,0.46,-1341.53,161.8,208.82,0.69,0.22,0.25,-0.64,-99.93,38.77,-1.63
[2018-09-11 14:55:42.341] ,-597.53,-21.24,696.17,-0.95,0.69,0.5,-1334.23,166.18,31.43,0.7,0.22,0.26,-0.63,-97.73,39.61,-1.66
[2018-09-11 14:55:42.882] ,-604.25,-24.9,675.54,-1.08,1,0.69,-1321.09,184.43,60.63,0.69,0.23,0.26,-0.63,-99.56,40.7,-1.72
[2018-09-11 14:55:43.426] ,-602.42,-14.77,671.75,-1.08,-0.77,0.58,-1340.07,173.48,-108.73,0.71,0.22,0.27,-0.61,-96.45,41.18,-1.6
[2018-09-11 14:55:43.970] ,-626.22,-22.83,677.12,-0.66,0.08,0.27,-1329.12,144.28,-26.97,0.7,0.23,0.27,-0.62,-97.62,41.63,-1.52
[2018-09-11 14:55:44.516] ,-616.09,-20.02,667.72,-1.2,-1.27,0.33,-1325.47,149.39,-156.91,0.7,0.23,0.28,-0.62,-97.22,42.53,-1.58
[2018-09-11 14:55:45.059] ,-610.72,-19.65,663.57,-1.14,-2.19,0.16,-1326.93,133.33,-244.51,0.72,0.22,0.28,-0.6,-94.3,42.36,-1.69
[2018-09-11 14:55:45.610] ,-594.36,-10.99,674.19,-1.16,-2.87,0.37,-1324.01,153.77,-309.48,0.73,0.21,0.28,-0.58,-91.57,41.59,-1.69
[2018-09-11 14:55:46.155] ,-559.69,-21.73,698,-1.43,-4.04,0.22,-1326.93,139.17,-421.17,0.77,0.18,0.28,-0.55,-85.96,38.65,-1.98
[2018-09-11 14:55:46.699] ,-563.6,-26.86,712.04,-1.17,-4.53,0.22,-1327.66,139.17,-468.62,0.76,0.18,0.27,-0.56,-87.27,37.28,-1.83
[2018-09-11 14:55:47.247] ,-546.75,-28.08,718.87,-1.11,-0.5,0.6,-1326.93,175.67,-83.18,0.75,0.18,0.26,-0.58,-90.34,36.54,-1.99
[2018-09-11 14:55:47.792] ,-515.26,-17.58,738.77,-1,-3.28,0.56,-1307.22,171.29,-348.9,0.75,0.18,0.25,-0.59,-90.95,35.41,-1.84
[2018-09-11 14:55:48.336] ,-515.5,-18.07,739.99,-1.09,-4.16,0.43,-1329.12,158.88,-432.85,0.75,0.18,0.24,-0.6,-91.7,34.88,-1.94
[2018-09-11 14:55:48.882] ,-513.67,-26.61,747.92,-1.01,-1.44,0.51,-1325.47,166.91,-172.97,0.76,0.16,0.24,-0.59,-90.18,33.38,-1.97
[2018-09-11 14:55:49.426] ,-486.69,-20.63,777.47,-0.37,-2.79,0.16,-1319.63,133.33,-302.18,0.77,0.15,0.23,-0.58,-88.96,31.42,-2.06
[2018-09-11 14:55:49.975] ,-469.6,-28.81,763.18,-1,-4.26,0.19,-1324.74,136.25,-442.34,0.76,0.15,0.22,-0.6,-91.18,30.94,-2.07
[2018-09-11 14:55:50.520] ,-459.35,-31.62,776,-1.13,-2.3,0.41,-1321.82,157.42,-254.73,0.76,0.15,0.21,-0.6,-91.54,29.51,-2.01
[2018-09-11 14:55:51.065] ,-432.62,-25.88,775.76,-1.01,-2.56,0.56,-1316.71,171.29,-279.55,0.75,0.14,0.2,-0.61,-92,28.63,-2.05
[2018-09-11 14:55:51.609] ,-395.02,-16.48,792.85,-1.03,-2.77,0.47,-1316.71,163.26,-299.99,0.76,0.13,0.19,-0.6,-90.93,26.91,-2.01
[2018-09-11 14:55:52.158] ,-386.96,-28.56,799.56,-1.11,-4.07,0.38,-1329.85,154.5,-424.82,0.76,0.13,0.18,-0.61,-91.35,25.74,-2.12
[2018-09-11 14:55:52.703] ,-357.67,-27.1,804.81,-1.17,-4.08,0.53,-1326.2,168.37,-425.55,0.76,0.12,0.18,-0.61,-91.34,24.29,-2.18
[2018-09-11 14:55:53.249] ,-343.02,-30.15,821.41,-1.07,-3.35,0.47,-1321.82,163.26,-355.47,0.77,0.11,0.17,-0.61,-91.26,22.66,-2.21
[2018-09-11 14:55:53.796] ,-308.35,-20.39,836.3,-1.22,-3.86,0.25,-1313.06,142.09,-404.38,0.77,0.1,0.15,-0.61,-91.28,20.72,-2.16
[2018-09-11 14:55:54.345] ,-290.04,-26.49,848.27,-1.21,-4.66,0.37,-1313.06,153.77,-481.03,0.77,0.09,0.14,-0.62,-91.35,18.9,-2.24
[2018-09-11 14:55:54.890] ,-272.22,-38.21,837.77,-1.34,-2.3,0.34,-1318.9,150.12,-255.46,0.77,0.08,0.13,-0.62,-92.04,17.25,-2.23
[2018-09-11 14:55:55.435] ,-238.77,-26.37,854,-1.24,-4.91,0.17,-1319.63,134.06,-504.39,0.77,0.07,0.12,-0.62,-92.18,15.45,-2.25
[2018-09-11 14:55:55.981] ,-223.39,-33.57,864.38,-1.41,-4.4,0.54,-1316.71,169.83,-456.21,0.77,0.06,0.1,-0.63,-92.31,13.5,-2.25
[2018-09-11 14:55:56.528] ,-189.21,-35.16,874.76,-1.17,-2.28,0.41,-1305.76,157.42,-253.27,0.77,0.04,0.08,-0.63,-92.56,10.62,-2.27
[2018-09-11 14:55:57.073] ,-136.96,-34.18,880.62,-1.01,-3.81,0.5,-1308.68,166.18,-400,0.76,0.04,0.07,-0.64,-94,9.38,-2.18
[2018-09-11 14:55:57.621] ,-131.23,-30.52,885.25,-1.1,-3.14,0.48,-1313.06,163.99,-335.03,0.76,0.03,0.07,-0.64,-94.38,8.08,-2.15
[2018-09-11 14:55:58.170] ,-101.2,-33.45,890.38,-0.52,-5.81,0.46,-1313.79,161.8,-591.26,0.76,0.02,0.05,-0.64,-94.14,6.2,-2.02
[2018-09-11 14:55:58.712] ,-80.69,-25.88,887.21,-0.47,-5.95,0.63,-1313.06,177.86,-604.4,0.76,0.01,0.04,-0.65,-94.41,4.49,-1.82
[2018-09-11 14:55:59.252] ,-25.02,-14.53,885.5,-0.27,-5.49,0.63,-1322.55,177.86,-559.87,0.76,0,0.02,-0.65,-94.86,1.82,-1.46
[2018-09-11 14:55:59.792] ,-2.44,-6.23,891.36,0.23,-8.42,-0.18,-1321.82,101.21,-840.92,0.75,0,0.01,-0.66,-96.28,0.52,-1.16
[2018-09-11 14:56:00.334] ,15.87,-11.23,885.62,-0.44,-6.31,0.08,-1315.25,126.03,-638.71,0.75,-0.01,0,-0.66,-96.75,-1.19,-0.91
[2018-09-11 14:56:00.878] ,43.82,-12.33,904.54,-1.04,-3.05,0.53,-1320.36,169.1,-327,0.76,-0.02,-0.01,-0.65,-95.17,-2.78,-0.83
[2018-09-11 14:56:01.427] ,66.77,-14.4,886.35,-1.05,-3.3,0.28,-1327.66,145.01,-350.36,0.75,-0.03,-0.02,-0.66,-96.87,-4.49,-0.77
[2018-09-11 14:56:01.977] ,111.82,-10.38,886.6,-1.34,-6.25,0.43,-1312.33,158.88,-632.87,0.73,-0.05,-0.04,-0.68,-98.97,-7.38,-0.78
[2018-09-11 14:56:02.521] ,177.98,-6.84,875.85,-1.11,-2.58,0.81,-1302.11,195.38,-281.74,0.72,-0.07,-0.07,-0.68,-100.66,-11.25,-0.85
[2018-09-11 14:56:03.065] ,209.35,-7.93,869.38,-1.23,-0.9,0.69,-1317.44,183.7,-121.14,0.72,-0.08,-0.08,-0.68,-100.05,-12.96,-1.02
[2018-09-11 14:56:03.610] ,228.64,-8.67,863.65,-1.23,-2.79,0.64,-1318.9,179.32,-302.18,0.72,-0.1,-0.09,-0.68,-100.7,-14.83,-1.19
[2018-09-11 14:56:04.158] ,253.66,-12.21,856.45,-1.33,-4.84,0.58,-1305.76,173.48,-497.82,0.71,-0.11,-0.09,-0.69,-101.46,-16.35,-1.27
[2018-09-11 14:56:04.707] ,293.09,-18.31,851.2,-1.41,-6.85,0.95,-1305.03,208.52,-690.54,0.7,-0.12,-0.11,-0.69,-102.87,-18.78,-1.37
[2018-09-11 14:56:05.256] ,324.34,-20.39,836.18,-1.07,-2.6,0.57,-1314.52,172.75,-283.93,0.7,-0.14,-0.12,-0.69,-103.11,-20.97,-1.56
[2018-09-11 14:56:05.809] ,366.58,-19.29,783.81,-1.43,-10.78,0.63,-1316.71,178.59,-1066.49,0.68,-0.15,-0.12,-0.71,-105.47,-22.51,-1.98
[2018-09-11 14:56:06.359] ,380.49,-19.17,812.74,-0.86,-3.22,0.4,-1318.17,156.69,-343.06,0.7,-0.16,-0.14,-0.68,-102,-24.57,-1.76
[2018-09-11 14:56:06.907] ,411.5,-26.61,822.14,-1.17,-4.2,0.72,-1312.33,187.35,-437.23,0.69,-0.17,-0.15,-0.69,-103.17,-25.82,-1.83
[2018-09-11 14:56:07.460] ,395.26,-32.1,800.17,-1.75,-2.14,0.66,-1310.87,180.78,-239.4,0.68,-0.18,-0.16,-0.69,-104.03,-27.66,-1.99
[2018-09-11 14:56:08.009] ,449.71,-22.22,783.45,-1.11,-3.27,0.47,-1315.25,163.26,-348.17,0.67,-0.19,-0.16,-0.7,-105.35,-29.08,-2.18
[2018-09-11 14:56:08.558] ,448.24,-35.03,782.47,-1.22,-3.39,0.42,-1318.17,158.15,-359.12,0.67,-0.2,-0.17,-0.69,-105.07,-30.95,-2.29
[2018-09-11 14:56:09.107] ,498.78,-24.78,765.63,-1.24,-5.9,0.3,-1313.79,146.47,-599.29,0.65,-0.23,-0.18,-0.7,-107.59,-33.72,-2.46
[2018-09-11 14:56:09.656] ,552.49,-28.69,742.68,-1.06,-5.17,-0.07,-1305.76,111.43,-529.21,0.63,-0.24,-0.19,-0.71,-109.32,-36.18,-2.68
[2018-09-11 14:56:10.204] ,559.94,-31.01,711.3,-0.98,-8.93,-0.06,-1321.09,112.16,-889.1,0.63,-0.26,-0.2,-0.7,-108.97,-38.22,-2.82
[2018-09-11 14:56:10.753] ,629.15,-18.8,716.55,-1.54,-11.32,-0.4,-1297.73,80.04,-1118.32,0.61,-0.28,-0.21,-0.71,-111.27,-41.2,-2.78
[2018-09-11 14:56:11.302] ,642.46,-24.41,642.82,-1.15,-3.44,0.18,-1309.41,135.52,-364.23,0.61,-0.29,-0.23,-0.7,-110.74,-43.71,-2.96
[2018-09-11 14:56:11.847] ,682.86,-29.3,629.64,-1.29,-0.2,1.17,-1309.41,229.69,-53.98,0.59,-0.32,-0.23,-0.71,-112.53,-46.15,-3.74
[2018-09-11 14:56:12.395] ,703.61,-15.26,628.66,-1.03,-1.21,0.39,-1317.44,155.23,-150.34,0.6,-0.32,-0.26,-0.69,-110.82,-48.9,-2.72
[2018-09-11 14:56:12.945] ,724.12,-21.97,599.85,-1.18,-4.18,0.34,-1313.79,150.12,-435.04,0.61,-0.32,-0.27,-0.67,-108.26,-49.84,-2.89
[2018-09-11 14:56:13.488] ,739.38,-24.17,582.15,-0.95,-5.74,0.43,-1310.87,159.61,-583.96,0.61,-0.33,-0.27,-0.66,-106.6,-50.54,-3.45
[2018-09-11 14:56:14.041] ,703.61,-31.98,605.71,-0.96,4.97,1.54,-1319.63,265.46,440.96,0.69,-0.28,-0.31,-0.58,-92.86,-49.46,-2.44
[2018-09-11 14:56:14.586] ,680.54,-24.29,633.06,-0.51,17.34,2.37,-1297,345.03,1624.29,0.76,-0.23,-0.31,-0.53,-82.48,-45.25,-2.06
[2018-09-11 14:56:15.131] ,580.32,-31.01,682.5,-0.92,5.94,1.09,-1304.3,222.39,532.94,0.8,-0.19,-0.27,-0.5,-77.42,-38.5,-1.64
[2018-09-11 14:56:15.680] ,534.79,-29.05,760.13,-1.28,2.04,0.69,-1308.68,183.7,159.91,0.82,-0.16,-0.24,-0.5,-76.45,-33.14,-1.73
[2018-09-11 14:56:16.226] ,477.42,-38.7,786.62,-0.66,7.08,1.29,-1298.46,241.37,642.44,0.79,-0.17,-0.21,-0.54,-81.99,-31.5,-2.86
[2018-09-11 14:56:16.770] ,422.97,-32.59,820.56,-0.65,5.74,0.96,-1315.98,209.98,513.96,0.8,-0.15,-0.18,-0.55,-82.49,-26.71,-2.52
[2018-09-11 14:56:17.314] ,332.28,-32.96,844.85,-0.6,8.01,0.9,-1309.41,204.14,731.5,0.8,-0.13,-0.15,-0.57,-83.79,-22.65,-2.54
[2018-09-11 14:56:17.863] ,290.04,-35.28,836.3,-0.62,5.65,0.7,-1300.65,185.16,505.2,0.78,-0.12,-0.12,-0.6,-89.07,-19.85,-2.35
[2018-09-11 14:56:18.408] ,249.88,-31.49,857.91,-0.63,4.43,0.63,-1305.03,178.59,389.13,0.78,-0.1,-0.1,-0.61,-89.92,-16.46,-2.24
[2018-09-11 14:56:18.958] ,204.59,-26.12,893.43,-0.97,2.34,0.56,-1294.81,172.02,189.11,0.78,-0.08,-0.08,-0.62,-90.9,-13.05,-1.9
[2018-09-11 14:56:19.506] ,149.9,-29.91,873.66,-0.75,4.29,1.3,-1299.92,242.83,375.26,0.77,-0.07,-0.06,-0.63,-91.74,-10.74,-1.88
[2018-09-11 14:56:20.051] ,131.59,-21.73,898.32,-0.33,8.92,0.86,-1301.38,200.49,818.37,0.77,-0.06,-0.05,-0.64,-92.94,-8.42,-1.72
[2018-09-11 14:56:20.596] ,84.96,-22.46,882.45,-1.2,3.11,0.72,-1291.89,186.62,262.84,0.76,-0.04,-0.03,-0.64,-93.92,-5.78,-1.75
[2018-09-11 14:56:21.141] ,65.19,-16.97,875.85,-1.5,4.89,0.56,-1297.73,172.02,432.93,0.76,-0.03,-0.02,-0.65,-94.71,-3.9,-1.81
[2018-09-11 14:56:21.686] ,-2.81,-36.25,892.82,-0.04,-2.2,0.52,-1294.08,167.64,-245.24,0.76,-0.02,0,-0.65,-95.62,-1.73,-2.04
[2018-09-11 14:56:22.233] ,16.36,-19.17,889.28,-1.02,-1.4,0.56,-1294.81,172.02,-168.59,0.75,-0.01,0,-0.66,-95.99,-0.96,-1.41
[2018-09-11 14:56:22.773] ,14.04,15.38,888.43,6.42,4.2,0.37,-1287.51,153.77,367.23,0.76,0,-0.01,-0.65,-94.46,-1.21,0.74
[2018-09-11 14:56:23.319] ,23.93,54.2,855.96,3.2,-0.6,-1.23,-1299.19,0.47,-92.67,0.75,0.02,-0.03,-0.66,-96.88,-1.07,3.6
[2018-09-11 14:56:23.855] ,16.11,109.62,883.79,4.11,0.29,0.6,-1288.24,174.94,-7.26,0.75,0.04,-0.04,-0.66,-95.95,-0.87,6.64
[2018-09-11 14:56:24.397] ,3.3,156.13,880.74,5.72,1.27,1.57,-1298.46,268.38,86.18,0.75,0.06,-0.06,-0.66,-96.68,-0.15,9.85
[2018-09-11 14:56:24.938] ,-28.44,195.19,866.33,3.13,-1.01,0.95,-1300.65,209.25,-131.36,0.75,0.09,-0.07,-0.65,-96.02,0.5,12.61
[2018-09-11 14:56:25.486] ,-0.85,237.92,854.74,4.02,-1.59,0.99,-1306.49,212.9,-186.84,0.74,0.1,-0.08,-0.65,-96.4,0.5,14.74
[2018-09-11 14:56:26.027] ,-17.82,272.58,849.49,5.05,-1.71,0.39,-1299.19,155.23,-198.52,0.74,0.12,-0.1,-0.65,-96.05,0.2,17.71
[2018-09-11 14:56:26.570] ,-28.44,312.62,835.08,2.22,-1.61,-0.15,-1299.19,103.4,-189.03,0.73,0.14,-0.12,-0.66,-97.45,0.58,20.54
[2018-09-11 14:56:27.117] ,-26,344.48,808.84,5.77,-1.19,0.4,-1278.75,156.69,-148.88,0.75,0.16,-0.13,-0.63,-94.37,0.56,23.12
[2018-09-11 14:56:27.663] ,-24.66,390.5,806.03,2.6,-0.92,0.14,-1300.65,131.87,-123.33,0.73,0.17,-0.14,-0.64,-95.67,1.28,25.66
[2018-09-11 14:56:28.206] ,-35.52,426.64,781.74,1.34,-2.79,-1.08,-1286.78,15.07,-302.18,0.73,0.19,-0.15,-0.64,-95.9,1.77,28.07
[2018-09-11 14:56:28.751] ,-29.42,429.81,783.57,1.43,-3.19,-1.1,-1294.08,12.88,-340.14,0.74,0.2,-0.15,-0.62,-93.07,1.4,28.69
[2018-09-11 14:56:29.296] ,-35.89,443.48,775.76,-0.16,2.18,2.79,-1288.97,385.18,173.78,0.74,0.21,-0.16,-0.62,-93.06,1.3,29.94
[2018-09-11 14:56:29.835] ,-28.2,445.07,755.62,0.82,-1.07,-0.8,-1297,41.35,-137.2,0.73,0.21,-0.15,-0.63,-94.58,2.08,30.08
[2018-09-11 14:56:30.380] ,-30.4,443.12,783.81,-3.17,-0.92,-0.21,-1290.43,97.56,-122.6,0.73,0.2,-0.15,-0.63,-94.55,1.86,29.57
[2018-09-11 14:56:30.924] ,-29.42,427.73,785.4,-2.75,-2.21,-0.05,-1294.08,113.62,-246.7,0.73,0.19,-0.15,-0.64,-95.97,1.66,28.05
[2018-09-11 14:56:31.474] ,-26.49,403.32,809.57,-6.26,-2.42,-1.02,-1291.16,20.18,-266.41,0.73,0.18,-0.14,-0.65,-96.92,1.02,26.32
[2018-09-11 14:56:32.021] ,-23.44,357.18,809.81,-5.26,-2.29,-0.59,-1298.46,61.79,-254,0.73,0.16,-0.13,-0.66,-97.78,0.94,23.77
[2018-09-11 14:56:32.564] ,-5,334.23,825.68,-6.25,-2.04,0.27,-1292.62,143.55,-230.64,0.74,0.14,-0.12,-0.64,-95.41,0.35,21.52
[2018-09-11 14:56:33.108] ,-5.25,293.33,841.92,-4.22,-1.24,1.71,-1291.16,281.52,-153.26,0.74,0.13,-0.11,-0.66,-96.95,0.46,18.97
[2018-09-11 14:56:33.654] ,1.59,261.35,848.39,-5.8,-4.04,-0.33,-1298.46,86.61,-421.9,0.74,0.11,-0.09,-0.66,-97.64,0.47,16.8
[2018-09-11 14:56:34.198] ,5.25,213.5,864.01,-6.8,-3.28,-1.35,-1294.81,-11.21,-348.9,0.74,0.09,-0.08,-0.66,-97.39,-0.31,13.57
[2018-09-11 14:56:34.738] ,1.22,165.28,868.16,-2.42,-1.5,-0.01,-1290.43,117.27,-178.08,0.73,0.06,-0.07,-0.67,-98.96,-0.71,10.57
[2018-09-11 14:56:35.284] ,6.59,149.78,876.34,-2.34,-1.63,0.67,-1281.67,182.24,-190.49,0.74,0.06,-0.06,-0.66,-97.24,-0.83,9.79
[2018-09-11 14:56:35.828] ,-0.37,141.97,873.17,-3.91,-1.64,0.04,-1305.03,121.65,-191.95,0.75,0.05,-0.06,-0.66,-96.82,-0.82,8.97
[2018-09-11 14:56:36.372] ,1.71,108.4,876.34,-4.5,-2.37,0.08,-1297.73,125.3,-262.03,0.75,0.04,-0.05,-0.66,-96.97,-0.86,6.95
[2018-09-11 14:56:36.916] ,30.52,79.71,889.28,-2.78,-1.32,-0.05,-1278.75,113.62,-161.29,0.76,0.03,-0.03,-0.65,-95.64,-0.99,4.85
[2018-09-11 14:56:37.462] ,31.62,59.81,885.5,-2.55,-0.54,0.79,-1291.16,193.92,-86.83,0.76,0.02,-0.03,-0.65,-94.98,-0.86,3.47
[2018-09-11 14:56:38.003] ,30.64,41.02,857.79,-3.11,-4.04,-2.47,-1292.62,-118.52,-421.17,0.74,0.01,-0.02,-0.68,-99,-0.56,2.08
[2018-09-11 14:56:38.551] ,22.83,31.01,885.38,-2.17,-1.56,-0.11,-1286.78,107.05,-183.92,0.73,0,-0.01,-0.68,-99.75,-0.96,1.29
[2018-09-11 14:56:39.092] ,-2.69,5.98,896.61,-1.8,-1.3,0.19,-1291.89,136.25,-159.83,0.73,0,-0.01,-0.68,-99.5,-0.72,0.6
[2018-09-11 14:56:39.629] ,27.1,14.77,891.24,-2.2,-0.92,0.74,-1294.81,188.81,-123.33,0.73,0,-0.01,-0.68,-99.61,-1.21,0.49
[2018-09-11 14:56:40.169] ,17.09,-0.37,894.9,-2.31,0.24,0.6,-1296.27,175.67,-12.37,0.73,-0.01,-0.01,-0.68,-99.31,-1.13,-0.07
[2018-09-11 14:56:40.710] ,15.63,-0.49,896.24,-2.59,-0.47,-0.08,-1288.24,110.7,-80.26,0.75,-0.01,0,-0.66,-96.79,-0.75,-1.06
[2018-09-11 14:56:41.252] ,17.58,-13.43,894.65,-2.42,-2.15,0.98,-1283.86,211.44,-240.86,0.75,-0.01,0,-0.66,-95.82,-0.98,-1.31
[2018-09-11 14:56:41.795] ,25.02,-34.42,874.02,-3.57,-2.39,0.18,-1283.86,134.79,-263.49,0.74,-0.02,0,-0.67,-97.69,-1.86,-2.15
[2018-09-11 14:56:42.336] ,25.51,-27.95,891.36,-0.52,-0.99,0.62,-1294.08,177.13,-129.9,0.75,-0.03,0,-0.66,-96.04,-1.95,-2.18
[2018-09-11 14:56:42.885] ,20.75,-28.08,885.62,-1.09,-1.37,0.53,-1291.89,168.37,-165.67,0.75,-0.03,0,-0.66,-96.32,-2.09,-2.12
[2018-09-11 14:56:43.426] ,32.71,-26.86,888.43,-1.16,0.21,0.95,-1286.05,209.25,-14.56,0.75,-0.03,0,-0.66,-96.4,-2.34,-1.86
[2018-09-11 14:56:43.966] ,-16.36,-73,855.47,-8.88,-1.72,2.17,-1288.97,325.32,-199.25,0.79,-0.04,0.01,-0.61,-88.69,-2.07,-4.36
[2018-09-11 14:56:44.515] ,81.18,-106.32,886.35,-9.48,-2.17,0.29,-1287.51,145.74,-243.05,0.76,-0.06,0.03,-0.65,-95.2,-2.01,-7.97
[2018-09-11 14:56:45.059] ,9.64,-182.5,863.04,-6.36,-2.01,-1.39,-1296.27,-14.86,-227.72,0.73,-0.09,0.06,-0.67,-98.39,-2.22,-12.24
[2018-09-11 14:56:45.605] ,25.63,-219.24,874.51,-4.28,-1.3,0.64,-1297,179.32,-159.83,0.73,-0.1,0.07,-0.67,-98.55,-1.97,-14.17
[2018-09-11 14:56:46.154] ,41.14,-235.11,860.23,-4.28,-0.76,0.63,-1286.05,178.59,-108,0.73,-0.11,0.08,-0.67,-98.31,-2.02,-15.56
[2018-09-11 14:56:46.702] ,43.33,-261.84,853.15,-3.97,-2.3,-0.77,-1282.4,44.27,-254.73,0.73,-0.13,0.09,-0.66,-97.71,-2.15,-17.45
[2018-09-11 14:56:47.251] ,38.82,-292.6,849,-4.57,-0.36,2.11,-1295.54,319.48,-69.31,0.74,-0.14,0.1,-0.65,-96.32,-1.99,-19.41
[2018-09-11 14:56:47.796] ,15.26,-319.82,838.75,-3.65,-1.42,0.89,-1282.4,203.41,-170.78,0.74,-0.15,0.1,-0.65,-95.97,-2.15,-20.77
[2018-09-11 14:56:48.344] ,25.15,-342.53,843.14,-0.98,-2.48,-3.82,-1286.78,-247.73,-272.25,0.71,-0.16,0.11,-0.68,-100.83,-3.12,-22.49
[2018-09-11 14:56:48.893] ,36.01,-358.64,826.66,-4.3,-2.33,1.47,-1291.16,258.89,-257.65,0.74,-0.17,0.11,-0.64,-95.36,-2.83,-23.56
[2018-09-11 14:56:49.438] ,57.13,-357.67,818.12,1.23,-1.67,0.23,-1274.37,139.9,-194.87,0.74,-0.18,0.12,-0.64,-94.87,-3.1,-24.15
[2018-09-11 14:56:49.990] ,43.46,-323.36,829.71,4.27,-1.16,1.43,-1287.51,254.51,-145.96,0.74,-0.16,0.1,-0.64,-95.27,-3.14,-21.76
[2018-09-11 14:56:50.531] ,3.42,-302.25,822.51,2.72,1.55,-1.01,-1286.05,21.64,113.19,0.75,-0.14,0.09,-0.64,-94.37,-2.72,-19.25
[2018-09-11 14:56:51.076] ,79.1,-231.69,873.41,3.95,-1.21,0.26,-1286.78,142.82,-151.07,0.75,-0.12,0.07,-0.64,-94.37,-2.67,-15.77
[2018-09-11 14:56:51.625] ,64.09,-185.79,855.71,2.65,-0.68,0.11,-1280.21,128.22,-99.97,0.76,-0.1,0.06,-0.64,-94.28,-2.49,-12.93
[2018-09-11 14:56:52.171] ,35.03,-156.98,866.7,3.38,-0.5,2.83,-1276.56,388.83,-82.45,0.75,-0.08,0.04,-0.65,-95.32,-2.23,-10.16
[2018-09-11 14:56:52.719] ,8.42,-119.63,890.87,2.3,-0.67,0.54,-1276.56,169.83,-99.24,0.75,-0.06,0.03,-0.65,-95.63,-1.87,-7.91
[2018-09-11 14:56:53.260] ,-10.25,-93.51,883.06,-0.03,-0.85,2.28,-1271.45,336.27,-116.03,0.76,-0.05,0.02,-0.65,-95.02,-1.78,-5.83
[2018-09-11 14:56:53.808] ,59.69,-39.43,873.9,7.77,-0.12,2.78,-1284.59,383.72,-46.68,0.75,-0.04,0.01,-0.66,-96.71,-2.15,-3.51
[2018-09-11 14:56:54.345] ,21.12,-32.59,884.89,-1.02,-1.3,0.45,-1289.7,161.07,-159.83,0.76,-0.02,0,-0.65,-95.4,-1.52,-2.29
[2018-09-11 14:56:54.886] ,4.03,-42.11,881.71,-1.25,-1.62,0.36,-1284.59,152.31,-189.76,0.75,-0.02,0,-0.66,-96.15,-1.66,-2.29
[2018-09-11 14:56:55.434] ,9.64,-37.84,880.86,-0.75,-1.08,0.58,-1275.83,173.48,-137.93,0.75,-0.02,0,-0.66,-96.26,-1.71,-2.3
[2018-09-11 14:56:55.975] ,44.19,-27.1,892.7,-1.01,-1.65,0.32,-1293.35,148.66,-192.68,0.75,-0.03,0,-0.66,-96.64,-1.86,-2.3
[2018-09-11 14:56:56.516] ,32.47,-25.15,885.74,-1.17,-2.46,-6.29,-1278.02,-483.52,-270.06,0.72,-0.02,0.01,-0.7,-102.11,-1.46,-2.33
[2018-09-11 14:56:57.065] ,45.9,-27.34,888.43,-2.04,-3.3,-6.44,-1281.67,-498.12,-351.09,0.64,-0.03,0.01,-0.77,-113.79,-1.87,-2.57
[2018-09-11 14:56:57.613] ,-14.89,-29.66,875,-1.54,-1.99,-9.51,-1286.05,-791.58,-225.53,0.58,-0.03,0.01,-0.81,-122.3,-1.85,-2.45
[2018-09-11 14:56:58.162] ,11.35,-44.31,879.64,-1.29,-2.49,-3.23,-1281.67,-190.79,-272.98,0.63,-0.03,0,-0.78,-115.94,-2.39,-2.41
[2018-09-11 14:56:58.716] ,23.32,-31.74,889.4,-0.95,-0.89,-0.66,-1286.05,55.22,-120.41,0.66,-0.03,0,-0.75,-110.51,-2.41,-2.12
[2018-09-11 14:56:59.256] ,33.08,-36.5,873.78,-0.35,1.11,0.31,-1286.78,147.2,71.58,0.69,-0.03,0,-0.72,-106.62,-3.1,-2.24
[2018-09-11 14:56:59.796] ,36.13,-27.59,896.12,-1.34,-0.94,-3.56,-1280.21,-222.18,-124.79,0.63,-0.03,0,-0.77,-115.21,-2.66,-2.2
[2018-09-11 14:57:00.342] ,3.42,-27.59,887.33,-0.5,0.52,-2.71,-1269.99,-141.15,14.64,0.6,-0.03,0,-0.8,-119.88,-2.26,-1.96
[2018-09-11 14:57:00.886] ,-75.93,-55.54,879.52,-0.31,0.56,-5.07,-1286.05,-366.72,19.02,0.6,-0.03,0,-0.8,-120.24,-2.09,-2.04
[2018-09-11 14:57:01.426] ,16.85,-33.57,880.62,-1.13,-1.17,-2.66,-1278.02,-136.77,-146.69,0.64,-0.03,0,-0.77,-114.82,-2.11,-2.01
[2018-09-11 14:57:01.972] ,30.15,-28.56,888.79,-1.43,-1.82,-1.18,-1283.13,4.85,-208.74,0.68,-0.02,0,-0.73,-107.58,-1.74,-1.93
[2018-09-11 14:57:02.520] ,23.8,-27.95,887.94,-1.18,-1.24,-1.07,-1287.51,15.8,-153.26,0.68,-0.02,0,-0.73,-107.78,-1.64,-2.06
[2018-09-11 14:57:03.069] ,56.15,-9.4,890.87,-1.66,-2.51,-6.59,-1282.4,-512.72,-275.17,0.69,-0.02,0.01,-0.72,-105.91,-1.36,-2.14
[2018-09-11 14:57:03.618] ,14.77,-32.47,886.47,-1.3,-2.35,-0.25,-1280.21,93.91,-259.84,0.72,-0.02,0,-0.69,-101.35,-1.81,-2.1
[2018-09-11 14:57:04.158] ,48.46,-28.81,891.72,-1.06,-3.62,0.65,-1278.75,180.05,-381.02,0.75,-0.03,0,-0.66,-95.77,-2.27,-2.18
[2018-09-11 14:57:04.708] ,35.77,-30.88,895.87,-0.98,-2.86,1.33,-1281.67,245.02,-308.75,0.76,-0.03,0,-0.65,-95.48,-2.52,-2.21
[2018-09-11 14:57:05.252] ,47.49,-30.64,880.49,-0.92,0.39,4.08,-1291.16,508.55,2.23,0.82,-0.03,-0.01,-0.57,-82.89,-3.32,-2.22
[2018-09-11 14:57:05.797] ,54.69,-32.96,880.49,-0.9,-1.43,3.01,-1280.94,405.62,-171.51,0.84,-0.03,-0.01,-0.54,-79.5,-3.35,-2.33
[2018-09-11 14:57:06.341] ,25.51,-35.89,888.79,-0.53,-2.6,7.97,-1286.05,880.85,-283.93,0.91,-0.03,-0.02,-0.42,-63.91,-3.17,-2.31
[2018-09-11 14:57:06.886] ,53.47,-32.96,871.58,-0.64,-1.33,11.96,-1291.16,1262.64,-162.02,0.92,-0.03,-0.02,-0.38,-58.65,-3.38,-2.03
[2018-09-11 14:57:07.436] ,33.45,-33.2,891.72,-1.24,-2.3,5.2,-1286.78,615.86,-255.46,0.88,-0.03,-0.01,-0.47,-69.23,-3.04,-2.16
[2018-09-11 14:57:07.980] ,1.34,-72.63,891.6,-0.23,-1.54,17.07,-1278.75,1751.01,-182.46,0.95,-0.02,-0.02,-0.32,-51.22,-2.68,-1.89
[2018-09-11 14:57:08.530] ,22.22,-23.07,926.64,-0.81,-2.66,8.04,-1291.16,887.42,-289.04,0.91,-0.02,-0.01,-0.42,-63.19,-1.92,-2
[2018-09-11 14:57:09.076] ,39.67,-28.44,887.82,-0.14,-0.35,14.46,-1288.24,1501.35,-68.58,0.93,-0.02,-0.01,-0.37,-57.05,-2.63,-2.01
[2018-09-11 14:57:09.622] ,11.23,-35.4,891.85,-3.34,3.46,0.3,-1281.67,146.47,295.69,0.89,-0.03,-0.01,-0.46,-68.13,-2.74,-2.31
[2018-09-11 14:57:10.163] ,53.71,-17.09,886.72,-1.26,-3.83,2.37,-1294.08,345.03,-401.46,0.81,-0.03,0,-0.59,-85.51,-1.9,-2.22
[2018-09-11 14:57:10.708] ,88.01,-9.4,893.55,-1,-1.91,6.87,-1289.7,775.73,-217.5,0.9,-0.02,0,-0.43,-65.06,-0.98,-1.82
[2018-09-11 14:57:11.256] ,136.96,34.79,888.18,-0.64,-3.93,7.29,-1294.81,815.88,-410.95,0.87,-0.02,0,-0.49,-72.09,-1.07,-1.96
[2018-09-11 14:57:11.801] ,28.81,-31.13,887.08,-1.08,-1.9,1.88,-1292.62,298.31,-216.77,0.9,-0.02,0,-0.44,-65.82,-0.37,-1.9
[2018-09-11 14:57:12.349] ,-1.95,-57.62,798.95,-0.69,2.7,16.56,-1282.4,1702.83,223.42,0.91,-0.02,0,-0.41,-61.99,-0.86,-1.87
[2018-09-11 14:57:12.890] ,29.05,-22.95,887.45,-0.27,-1.39,8.56,-1288.97,937.06,-167.86,0.88,-0.02,0,-0.48,-71.04,-0.88,-1.74
[2018-09-11 14:57:13.436] ,-31.86,-40.28,882.08,-0.76,-1.83,7.61,-1290.43,845.81,-210.2,0.9,-0.02,0,-0.44,-65.85,-0.69,-1.76
[2018-09-11 14:57:13.980] ,-87.16,-52.37,901.61,-1.08,-1.29,6.06,-1287.51,697.62,-158.37,0.89,-0.01,0.01,-0.46,-68.46,0.2,-1.65
[2018-09-11 14:57:14.531] ,-99.73,-68.73,889.28,0.72,2.03,22.5,-1295.54,2270.77,159.18,0.88,-0.01,0,-0.48,-71.52,-0.91,-1.12
[2018-09-11 14:57:15.070] ,82.89,0.61,881.35,-0.72,-0.38,10.08,-1287.51,1082.33,-71.5,0.83,-0.01,0,-0.56,-82,-1.04,-1.15
[2018-09-11 14:57:15.610] ,-13.43,-20.26,896.24,-1.43,-1.19,0.79,-1279.48,193.19,-148.88,0.82,-0.01,0.01,-0.57,-83.93,0.27,-1.29
[2018-09-11 14:57:16.159] ,-0.12,-21.61,897.95,-1.4,-1.4,-1.18,-1288.97,4.85,-168.59,0.75,-0.01,0.01,-0.66,-96.51,0.38,-1.35
[2018-09-11 14:57:16.704] ,-13.79,-24.54,887.08,-1.46,-1.88,-6.24,-1292.62,-479.14,-214.58,0.68,-0.01,0.02,-0.73,-108.18,0.54,-1.85
[2018-09-11 14:57:17.253] ,-8.42,-49.68,916.5,-2.94,-4.2,-32.45,-1283.86,-2986.69,-436.5,0.53,-0.01,0.02,-0.85,-129.65,-0.05,-2.83
[2018-09-11 14:57:17.801] ,-13.18,-31.37,896.85,-1.07,-1.65,-11.67,-1297,-998.17,-192.68,0.49,-0.02,0.01,-0.87,-135.04,-1.32,-2.18
[2018-09-11 14:57:18.351] ,17.58,-21.73,893.07,-2.11,-2.82,-19.97,-1294.81,-1792.41,-305.1,0.44,-0.02,0.01,-0.9,-141.33,-1.34,-2.45
[2018-09-11 14:57:18.903] ,34.06,-22.22,881.23,-1.28,-1.73,-5.28,-1300.65,-387.16,-200.71,0.38,-0.03,0.01,-0.93,-149.65,-2.43,-2.28
[2018-09-11 14:57:19.448] ,67.5,-22.95,898.19,-1.8,-1.51,-13.54,-1280.21,-1177.75,-179.54,0.42,-0.03,0.01,-0.91,-143.6,-2.19,-2.47
[2018-09-11 14:57:19.997] ,116.33,-10.99,813.48,-0.11,-0.34,-19.23,-1291.89,-1722.33,-67.85,0.36,-0.03,0.01,-0.93,-151.02,-2.81,-2.88
[2018-09-11 14:57:20.546] ,51.39,-44.43,889.77,-1.21,-2.22,-1.97,-1280.21,-70.34,-247.43,0.47,-0.04,0.01,-0.88,-138.24,-3.5,-2.56
[2018-09-11 14:57:21.093] ,92.77,-19.17,887.45,-1.56,-2.46,-6.68,-1280.94,-521.48,-270.79,0.6,-0.03,0,-0.8,-120.07,-2.91,-2.63
[2018-09-11 14:57:21.640] ,33.2,-36.13,886.47,-1.47,-1.17,0.53,-1288.24,169.1,-147.42,0.61,-0.04,0,-0.79,-118.25,-3.16,-2.64
[2018-09-11 14:57:22.185] ,60.42,-35.4,900.02,-1.34,-2.34,0.72,-1293.35,186.62,-259.11,0.68,-0.04,0,-0.73,-107.8,-3.41,-2.63
[2018-09-11 14:57:22.733] ,25.51,-40.77,887.33,-0.99,-1.5,0.53,-1283.86,169.1,-178.08,0.75,-0.03,0,-0.66,-96.95,-2.63,-2.47
[2018-09-11 14:57:23.275] ,27.1,-39.31,897.95,-1.66,-3.52,0.61,-1292.62,176.4,-372.26,0.75,-0.03,0,-0.66,-96.48,-2.97,-2.51
[2018-09-11 14:57:23.818] ,21.12,-39.43,890.5,-0.98,-1.23,0.76,-1298.46,191,-152.53,0.75,-0.03,0,-0.66,-95.67,-2.77,-2.54
[2018-09-11 14:57:24.360] ,27.71,-36.87,891.11,-1.16,-1.51,1.76,-1285.32,286.63,-179.54,0.76,-0.03,0,-0.64,-94.09,-2.35,-2.12
[2018-09-11 14:57:24.910] ,8.3,32.35,888.55,0.95,0.31,1.04,-1294.08,217.28,-5.8,0.77,-0.03,-0.01,-0.64,-92.85,-2.6,-2.1
[2018-09-11 14:57:25.449] ,48.71,-2.93,890.01,0.32,0.37,-0.62,-1288.24,58.87,0.04,0.77,-0.02,-0.01,-0.64,-93.43,-2.27,-1.45
[2018-09-11 14:57:25.987] ,-4.39,-19.53,891.48,-0.37,-1.93,0.85,-1279.48,199.76,-219.69,0.74,-0.02,0,-0.67,-97.88,-1.56,-1.04
[2018-09-11 14:57:26.534] ,-6.35,27.71,885.62,-0.15,-2.91,1.09,-1292.62,222.39,-313.13,0.76,-0.01,-0.01,-0.66,-95.72,-1.36,0.07
[2018-09-11 14:57:27.079] ,-37.11,-51.39,891.11,-1.65,0.19,6.9,-1291.16,777.92,-16.75,0.85,-0.01,0.01,-0.52,-77.05,0.39,-1.21
[2018-09-11 14:57:27.620] ,-13.67,-42.72,892.58,-1.79,0.15,5.29,-1288.97,623.89,-20.4,0.86,-0.01,0.01,-0.5,-74.16,0.61,-1.75
[2018-09-11 14:57:28.159] ,-33.69,-23.68,886.84,-1.53,2.07,0.46,-1302.84,161.8,162.83,0.8,-0.01,0.01,-0.6,-87.91,0.81,-1.63
[2018-09-11 14:57:28.709] ,-28.44,-21.97,887.45,-0.98,-1,0.63,-1288.97,178.59,-130.63,0.76,0,0.02,-0.64,-94.15,1.38,-1.2
[2018-09-11 14:57:29.250] ,-5.13,-31.86,896.48,-0.93,-2.14,0.99,-1297.73,212.9,-240.13,0.75,0,0.02,-0.66,-96.19,1.28,-1.51
[2018-09-11 14:57:29.790] ,-20.87,-70.19,874.88,-0.01,-2.88,-3.89,-1286.78,-254.3,-310.21,0.69,0,0.02,-0.73,-107.06,1.12,-1.44
[2018-09-11 14:57:30.335] ,-7.57,-53.96,897.58,-2.14,-1.06,-3.24,-1291.89,-192.25,-136.47,0.67,-0.01,0.01,-0.74,-109.89,-0.54,-1.29
[2018-09-11 14:57:30.880] ,-10.99,-66.65,888.43,-1.25,-3.48,-1.03,-1292.62,19.45,-367.88,0.69,-0.02,0,-0.72,-106.16,-1.45,-1.59
[2018-09-11 14:57:31.429] ,21,-16.24,890.5,-2.09,-1.26,0.08,-1284.59,125.3,-155.45,0.72,-0.02,-0.01,-0.7,-102.36,-2.66,-1.41
[2018-09-11 14:57:31.978] ,6.96,-33.08,885.01,-1.19,-1.28,0.41,-1286.05,157.42,-157.64,0.76,-0.02,-0.01,-0.65,-94.84,-2.2,-1.44
[2018-09-11 14:57:32.519] ,48.83,-28.81,882.93,-1.32,-0.84,0.22,-1272.18,139.17,-115.3,0.75,-0.03,-0.01,-0.66,-96.3,-2.69,-2.07
[2018-09-11 14:57:33.066] ,48.34,-26.86,886.84,-0.13,0.77,10.94,-1280.21,1164.82,38.73,0.75,-0.04,-0.01,-0.66,-96.52,-4.04,-2.03
[2018-09-11 14:57:33.611] ,37.6,-16.11,889.04,1.21,-9.12,-4.14,-1283.13,-277.66,-907.35,0.84,-0.02,-0.01,-0.54,-78.6,-1.96,-1.68
[2018-09-11 14:57:34.160] ,119.38,-14.4,885.38,-0.44,-7.79,-0.72,-1288.24,49.38,-780.33,0.83,-0.03,-0.03,-0.55,-80.59,-5.32,-1.16
[2018-09-11 14:57:34.709] ,102.29,-7.81,873.54,-1.54,-1.71,1.49,-1286.05,260.35,-198.52,0.82,-0.04,-0.03,-0.57,-83.59,-5.5,-1.12
[2018-09-11 14:57:35.255] ,102.78,-21.85,882.93,-1.38,-0.92,-0.26,-1275.83,93.18,-122.6,0.82,-0.04,-0.04,-0.58,-84.24,-6.34,-1.4
[2018-09-11 14:57:35.804] ,175.54,22.83,901.73,-0.45,0.3,3.11,-1291.16,415.11,-6.53,0.75,-0.04,-0.04,-0.66,-96.93,-6.46,-0.68
[2018-09-11 14:57:36.349] ,71.17,-46.14,865.72,-1.88,2.23,-2.68,-1282.4,-138.23,178.16,0.72,-0.04,-0.02,-0.69,-100.99,-4.28,-1.58
[2018-09-11 14:57:36.893] ,-35.64,-61.52,869.63,-1.1,1.01,-0.63,-1284.59,57.41,62.09,0.71,-0.03,-0.01,-0.7,-103.27,-3.63,-1.72
[2018-09-11 14:57:37.442] ,38.82,-21.48,895.39,-1.28,-0.08,0.6,-1282.4,175.67,-43.03,0.73,-0.03,-0.01,-0.69,-100.46,-2.73,-1.5
[2018-09-11 14:57:37.986] ,34.18,-21.24,892.82,-1.14,-2.13,0.83,-1278.02,197.57,-238.67,0.75,-0.03,-0.01,-0.66,-97.14,-2.87,-1.6
[2018-09-11 14:57:38.529] ,56.4,-86.55,939.94,0.44,-4.3,-7.73,-1276.56,-621.49,-446.72,0.73,-0.02,0,-0.69,-100.81,-1.57,-0.89
[2018-09-11 14:57:39.074] ,114.14,-5.49,904.66,-0.51,-0.53,5.33,-1282.4,627.54,-86.1,0.77,-0.01,-0.01,-0.63,-92.44,-1.3,-0.31
[2018-09-11 14:57:39.620] ,69.7,-0.24,906.37,-1.23,-2.3,-4.98,-1278.75,-358.69,-254.73,0.75,-0.01,0,-0.67,-97.19,-0.96,-0.44
[2018-09-11 14:57:40.165] ,-2.69,-3.54,889.16,-1.31,-6.52,3.58,-1280.21,460.37,-659.15,0.74,-0.02,-0.01,-0.67,-98.09,-2.49,-0.42
[2018-09-11 14:57:40.706] ,36.01,-6.35,887.08,-1.24,-2.98,3.18,-1276.56,422.41,-319.7,0.75,-0.01,-0.01,-0.66,-96.22,-2,-0.47
[2018-09-11 14:57:41.252] ,-3.78,-16.36,885.25,-1.12,-0.76,-2.1,-1277.29,-82.75,-108,0.73,-0.01,0,-0.68,-100.09,-1.28,-0.63
[2018-09-11 14:57:41.799] ,-20.75,-9.4,873.9,-1.17,0.04,-1.95,-1272.18,-68.88,-31.35,0.77,-0.01,-0.01,-0.63,-92.27,-1.52,-0.77
[2018-09-11 14:57:42.340] ,20.87,-9.89,886.96,-1.39,-1.22,0.02,-1275.83,120.19,-151.8,0.74,-0.01,0,-0.67,-97.56,-1.36,-0.78
[2018-09-11 14:57:42.880] ,17.94,4.27,886.72,-0.41,1.05,5.63,-1269.26,656.74,65.74,0.76,-0.01,-0.01,-0.66,-95.7,-1.93,-0.58
[2018-09-11 14:57:43.425] ,61.4,-0.85,872.68,-0.59,-3.92,0.45,-1275.83,161.07,-410.22,0.8,0,-0.01,-0.6,-87.53,-0.75,0.06
[2018-09-11 14:57:43.966] ,59.81,9.89,885.62,-0.68,-2.11,8.28,-1272.18,910.05,-237.21,0.84,-0.01,-0.02,-0.54,-79.16,-2.82,0.03
[2018-09-11 14:57:44.510] ,17.58,10.62,891.97,-1.22,-0.94,4.58,-1262.69,556,-124.79,0.85,-0.01,-0.03,-0.53,-77.86,-3.5,0.19
[2018-09-11 14:57:45.056] ,92.65,6.59,891.11,-1.79,-3.52,0.79,-1276.56,193.92,-372.26,0.83,-0.01,-0.02,-0.56,-82.36,-2.48,-0.16
[2018-09-11 14:57:45.601] ,40.89,-13.67,880.62,-1.73,3.07,0.51,-1279.48,166.91,258.46,0.78,-0.02,-0.01,-0.63,-91.84,-2.76,-0.78
[2018-09-11 14:57:46.142] ,46.39,-5.74,889.04,-1.01,-1.99,0.57,-1280.21,172.75,-225.53,0.76,-0.02,-0.01,-0.65,-95.07,-1.82,-0.98
[2018-09-11 14:57:46.682] ,13.43,-19.41,886.47,-1.08,-1.87,0.46,-1272.18,161.8,-213.85,0.75,-0.02,-0.01,-0.66,-95.8,-1.64,-0.98
[2018-09-11 14:57:47.224] ,-6.47,-4.52,868.04,-9.95,-4.56,0.01,-1286.78,118.73,-471.54,0.77,-0.01,0.01,-0.64,-92.71,0.05,-0.87
[2018-09-11 14:57:47.767] ,-8.67,-8.06,885.13,0.26,-4.35,6.25,-1271.45,715.87,-451.1,0.81,-0.02,-0.02,-0.59,-85.6,-3.21,-0.15
[2018-09-11 14:57:48.312] ,70.8,-29.05,895.75,4.19,-5.78,9.62,-1275.83,1038.53,-588.34,0.88,-0.04,-0.05,-0.47,-70.37,-7.06,-1.59
[2018-09-11 14:57:48.861] ,242.68,4.03,910.64,-6.26,-4.08,7.18,-1277.29,804.93,-425.55,0.84,-0.07,-0.06,-0.54,-78.85,-9.76,-3.53
[2018-09-11 14:57:49.405] ,109.86,-25.76,870.24,10.12,-6.08,1.88,-1261.96,297.58,-616.81,0.85,-0.04,-0.06,-0.53,-77.64,-8.47,0.23
[2018-09-11 14:57:49.954] ,226.68,6.59,887.08,-2.88,-0.89,4.75,-1285.32,572.06,-120.41,0.84,-0.05,-0.07,-0.54,-79.63,-10.16,-0.1
[2018-09-11 14:57:50.500] ,182.62,11.72,858.89,-3,-0.28,-5.01,-1269.26,-361.61,-62.01,0.81,-0.06,-0.06,-0.58,-85.19,-9.37,-1.05
[2018-09-11 14:57:51.050] ,157.71,44.19,808.11,7.76,1.86,-4.06,-1272.91,-270.36,143.12,0.69,-0.05,-0.07,-0.72,-106.4,-9.24,2.12
[2018-09-11 14:57:51.592] ,115.72,144.53,828.98,0.64,-3.99,-11.48,-1278.02,-980.65,-416.79,0.6,-0.01,-0.08,-0.8,-120.76,-6.47,6.14
[2018-09-11 14:57:52.146] ,65.43,85.57,931.15,-4.62,-0.97,-12.57,-1272.18,-1085.04,-127.71,0.63,0,-0.07,-0.77,-115.26,-5.34,6.36
[2018-09-11 14:57:52.695] ,28.32,65.92,905.52,2.38,-4.88,-3,-1274.37,-168.89,-502.2,0.64,0.01,-0.07,-0.77,-114.41,-4.65,6.97
[2018-09-11 14:57:53.239] ,34.79,111.45,919.07,2.68,-2.73,-2.3,-1272.91,-102.46,-296.34,0.68,0.01,-0.07,-0.73,-107.61,-4.78,7.1
[2018-09-11 14:57:53.788] ,43.21,6.84,898.32,-2.7,2.53,0.36,-1264.88,152.31,206.63,0.76,-0.02,-0.02,-0.65,-95.42,-3.16,0.05
[2018-09-11 14:57:54.329] ,15.01,-12.45,889.04,-1.69,-2.4,0.5,-1272.91,165.45,-264.22,0.76,-0.01,0,-0.65,-95.06,-1.27,-1.1
[2018-09-11 14:57:54.869] ,9.16,-18.92,890.63,-0.96,-0.95,0.5,-1274.37,165.45,-125.52,0.75,-0.01,0,-0.66,-96.01,-1.21,-1.12
[2018-09-11 14:57:55.414] ,31.01,-12.08,888.31,-0.98,-1.44,0.39,-1260.5,155.23,-172.97,0.75,-0.01,0,-0.66,-96.22,-1.3,-1.02
[2018-09-11 14:57:55.959] ,14.65,-11.6,892.33,-1.08,-1.32,0.48,-1271.45,163.99,-161.29,0.75,-0.01,0,-0.66,-96.26,-1.2,-0.99
[2018-09-11 14:57:56.504] ,29.79,-7.2,889.4,-1.27,-1.43,0.53,-1267.07,169.1,-171.51,0.75,-0.01,0,-0.66,-96.25,-1.28,-1.02
[2018-09-11 14:57:57.048] ,11.84,-11.35,886.35,-1.07,-1.37,0.45,-1269.99,161.07,-165.67,0.75,-0.01,0,-0.66,-96.25,-1.14,-1.07
[2018-09-11 14:57:57.589] ,24.41,-7.81,888.92,-1.01,-1.29,0.47,-1271.45,163.26,-158.37,0.75,-0.01,0,-0.66,-96.25,-1.2,-1.05
[2018-09-11 14:57:58.137] ,9.28,-8.18,891.97,-1.22,-1.36,0.53,-1259.77,168.37,-164.94,0.75,-0.01,0,-0.66,-96.24,-1.26,-1.05
[2018-09-11 14:57:58.678] ,22.46,-9.64,889.4,-1.1,-1.52,0.54,-1269.99,169.83,-180.27,0.75,-0.01,0,-0.66,-96.3,-1.29,-1.03
[2018-09-11 14:57:59.223] ,31.62,-5.49,885.5,-1.19,-1.41,0.69,-1266.34,184.43,-170.05,0.75,-0.02,0,-0.66,-96.25,-1.5,-1
[2018-09-11 14:57:59.774] ,16.48,-11.35,884.52,-1.07,-1.24,0.53,-1261.96,169.1,-153.26,0.75,-0.01,0,-0.66,-96.28,-1.35,-1.05
[2018-09-11 14:58:00.316] ,13.67,-10.25,891.24,-1.03,-1.32,0.56,-1275.83,171.29,-161.29,0.75,-0.01,0,-0.66,-96.25,-1.07,-1.06
[2018-09-11 14:58:00.865] ,37.23,-6.71,889.16,-1.19,-1.33,0.46,-1263.42,161.8,-162.02,0.75,-0.01,0,-0.66,-96.29,-1.13,-1.09
[2018-09-11 14:58:01.406] ,8.42,-13.31,890.87,-1.08,-1.24,0.5,-1267.8,166.18,-153.99,0.75,-0.01,0,-0.66,-96.31,-1.14,-1.04
[2018-09-11 14:58:01.958] ,25.63,-11.6,887.7,-1.11,-1.43,0.55,-1266.34,170.56,-171.51,0.75,-0.01,0,-0.66,-96.25,-1.2,-1.06
[2018-09-11 14:58:02.507] ,9.28,-13.31,888.43,-1.16,-1.32,0.47,-1272.18,162.53,-161.29,0.75,-0.01,0,-0.66,-96.24,-1.29,-0.98
[2018-09-11 14:58:06.781] ,24.17,-6.23,891.11,-1.09,-1.24,0.62,-1276.56,177.13,-153.26,0.75,-0.01,0,-0.66,-96.3,-1.36,-0.99
[2018-09-11 14:58:06.781] ,33.57,-4.52,882.93,-1.15,-1.34,0.55,-1267.07,170.56,-163.48,0.75,-0.01,0,-0.66,-96.31,-1.4,-0.96
[2018-09-11 14:58:06.781] ,4.64,-16.97,878.05,-1.06,-1.27,0.55,-1264.15,170.56,-156.18,0.75,-0.01,0,-0.66,-96.33,-1.11,-1.06
[2018-09-11 14:58:06.781] ,7.45,-12.08,888.92,-1.17,-1.29,0.45,-1260.5,161.07,-158.37,0.75,-0.01,0,-0.66,-96.28,-1.16,-1.06
[2018-09-11 14:58:06.781] ,21.48,-10.86,885.74,-1.11,-1.36,0.48,-1270.72,163.99,-164.94,0.75,-0.01,0,-0.66,-96.24,-1.23,-1.04
[2018-09-11 14:58:06.781] ,35.77,-12.57,884.89,-1.13,-1.3,0.48,-1277.29,163.99,-159.83,0.75,-0.01,0,-0.66,-96.26,-1.21,-1.03
[2018-09-11 14:58:06.781] ,6.96,-14.77,890.38,-1.07,-1.36,0.53,-1263.42,169.1,-164.94,0.75,-0.01,0,-0.66,-96.29,-1.25,-1
[2018-09-11 14:58:06.865] ,12.33,-13.06,889.04,-1.11,-1.42,0.57,-1250.28,172.75,-170.78,0.75,-0.01,0,-0.66,-96.25,-1.34,-1
[2018-09-11 14:58:07.413] ,13.55,-14.4,890.38,-1.13,-1.29,0.56,-1265.61,171.29,-158.37,0.75,-0.01,0,-0.66,-96.25,-1.44,-1.01
[2018-09-11 14:58:07.956] ,-3.3,-19.9,886.35,-1.14,-1.37,0.47,-1265.61,162.53,-165.67,0.75,-0.01,0,-0.66,-96.29,-1.2,-1.07
[2018-09-11 14:58:08.505] ,-2.69,-18.92,882.32,-1.12,-1.37,0.61,-1267.8,176.4,-165.67,0.75,-0.01,0,-0.66,-96.29,-1.14,-1.03
[2018-09-11 14:58:09.046] ,27.83,-7.93,885.86,-1.18,-1.36,0.44,-1279.48,160.34,-164.94,0.75,-0.01,0,-0.66,-96.22,-1.34,-1.01
[2018-09-11 14:58:09.593] ,10.74,-18.92,885.74,-1.09,-1.37,0.55,-1277.29,170.56,-166.4,0.75,-0.01,0,-0.66,-96.28,-1.28,-1.04
[2018-09-11 14:58:10.142] ,25.27,-9.64,882.2,-1.05,-1.3,0.5,-1272.91,165.45,-159.83,0.75,-0.01,0,-0.66,-96.29,-1.34,-0.98
[2018-09-11 14:58:10.687] ,32.23,-5.62,888.31,-1.11,-1.37,0.6,-1265.61,174.94,-165.67,0.75,-0.01,0,-0.66,-96.3,-1.32,-1
[2018-09-11 14:58:11.238] ,15.5,-5.98,896.61,-1.08,-1.45,0.5,-1272.18,166.18,-173.7,0.75,-0.01,0,-0.66,-96.27,-1.23,-1.03
[2018-09-11 14:58:11.782] ,-7.08,-20.87,894.65,-1.14,-1.27,0.41,-1272.18,157.42,-156.18,0.75,-0.01,0,-0.66,-96.3,-1.27,-0.99
[2018-09-11 14:58:12.330] ,17.82,-20.87,881.71,-1.15,-1.28,0.5,-1272.91,165.45,-157.64,0.75,-0.01,0,-0.66,-96.25,-1.19,-1.09
[2018-09-11 14:58:12.879] ,-2.56,-12.82,880.13,-1.02,-1.24,0.47,-1268.53,162.53,-153.99,0.75,-0.01,0,-0.66,-96.29,-1.34,-1.02
[2018-09-11 14:58:13.423] ,14.16,-7.2,886.84,-1.12,-1.4,0.55,-1267.8,170.56,-168.59,0.75,-0.01,0,-0.66,-96.25,-1.33,-1.06
[2018-09-11 14:58:13.972] ,-6.47,-22.95,889.4,-1.09,-1.3,0.52,-1262.69,167.64,-159.83,0.75,-0.01,0,-0.66,-96.29,-1.34,-1.06
[2018-09-11 14:58:14.521] ,-5.62,-22.46,890.75,-1.05,-1.21,0.58,-1266.34,173.48,-150.34,0.75,-0.01,0,-0.66,-96.27,-1.38,-0.97
